Content Title,Content Description,Content Type,Content Last Watched Date (if viewed),Content Completed At (if completed),Content Saved,Notes taken on videos (if taken),
Explore a Career in Front-End Web Development,"Get the skills to build engaging, interactive user experiences on the web as a front-end web developer. Learn everything you need to design and develop user-facing code and discover how to bring concepts to life on the browser canvas, whether you're creating sites or apps.",Learning Path,2018-03-02 07:49 UTC,N/A,false,N/A,
Nano Tips for Developing Magnetic Charisma with Shadé Zahrai,"Welcome to our <i>Nano Tips</i> series, where LinkedIn Learning creators deliver impactful lessons in literally seconds. In this installment, find out why charisma is such a valuable skill and how you can develop your own charisma with ease, exploring key insights from award-winning leadership strategist and peak performance specialist Shadé Zahrai.<br><br>Gather strategies to build authentic charisma to start creating better first impressions and new connections today. Get tips on energizing others with charismatic presence and magnetic communication. Along the way, Shadé shows you techniques for using eye contact, pauses, presentation starts, tension-building tools, simplified language, genuine care, and more.",Course,2022-10-18 20:42 UTC,N/A,false,N/A,
Programming Foundations: Fundamentals (2011),"This course provides the core knowledge to begin programming in any language. Simon Allardice uses JavaScript to explore the core syntax of a programming language, and shows how to write and execute your first application and understand what's going on under the hood. The course covers creating small programs to explore conditions, loops, variables, and expressions; working with different kinds of data and seeing how they affect memory; writing modular code; and how to debug, all using different approaches to constructing software applications.<br><br>

Finally, the course compares how code is written in several different languages, the libraries and frameworks that have grown around them, and the reasons to choose each one.",Course,2018-02-28 05:52 UTC,N/A,false,N/A,
SharePoint Online 2017: Beyond the Basics,"Go beyond the basics and become a SharePoint power user. Dive deep into SharePoint Online and explore advanced customization and administration features that can help you meet the unique needs of your organization. Instructor Gini von Courter covers creating custom lists and libraries, building and branding team sites, customizing pages with app parts and web parts, and customizing SharePoint search. Plus, learn about adjusting user permissions, customizing content types, creating workflows, and integrating Power BI for reporting and visualization.",Course,2018-02-24 10:46 UTC,N/A,true,N/A,
Microsoft Teams (Classic) Grundkurs,"Microsoft Teams ist ein in Microsoft 365 integriertes Werkzeug zur Zusammenarbeit und zur Kommunikation. Mit Teams können Sie einen zentralen Arbeitsplatz für verschiedene Vorhaben erstellen und individuell gestalten. Chats, Onlinebesprechungen, Wikis, Dateiaustausch und viele weitere Möglichkeiten stehen Ihnen in Teams dazu zur Verfügung. Benedikt Bruns und Nicole Domino zeigen Ihnen in diesem Videokurs, wie Sie Teams in Ihrem Unternehmen sinnvoll nutzen.",Course,2021-01-04 14:45 UTC,N/A,false,N/A,
HTML Essential Training (2017),"HTML is the programming language that powers the web. And like any language, once you master it, you can begin to create your own content, whether that's simple websites or complex web applications. This course provides an in-depth look at the essentials: the syntax of HTML and best practices for writing and editing your code. Senior staff author James Williamson reviews the structure of a typical HTML document, and shows how to section pages and format your content with HTML. Plus, learn how to create links and lists, and find out how HTML works with CSS and JavaScript to create rich, engaging user experiences. So open a text editor, watch these videos, and begin learning to author HTML the right way.",Course,2018-02-05 09:11 UTC,2018-02-05 07:49 UTC,false,N/A,
Stepping Up Your Webcam Video Presence,"Nearly everyone has a webcam, but many people don’t put the effort into enhancing their webcam video presence. But with just a few relatively easy and inexpensive tweaks, you can capture well-composed, well-lit shots with great audio using the humble webcam. In this course, senior staff instructor Ashley Kennedy shows you how to represent your best self in meetings, as well as presentations, trainings, vlogs, interviews, demos, Q&As, and other types of web videos. Learn basic strategies for optimizing your system and your webcam, staging and lighting your shot, capturing high-quality audio, scripting and rehearsing for big-stakes webcam presentations, and more.",Course,2021-12-06 22:04 UTC,N/A,false,N/A,
Understanding the Impact of Deepfake Videos,"Imagine not being able to trust what you see or hear when you watch a video online. Deepfakes are manipulated media—video or audio—where a person has been replaced with someone else's likeness and made to appear as if they said or did something that never happened. Deepfake videos use artificial intelligence and can appear very convincing, even to a trained eye. When used to mislead audiences, deepfake videos can be disastrous. However, they can have useful benefits too—like offering AI-assisted video reshoots. In this introductory course, senior staff instructor Ashley Kennedy offers a useful introduction to the dangers and benefits of deepfake videos. She also provides a high-level overview of deepfake technology and puts forward some tools to identify deepfake videos, as well as suggestions for what to do when you suspect or spot a deepfake video.",Course,2020-12-28 12:54 UTC,N/A,false,N/A,
Learning Git and GitHub (2015),"Version control is an essential skill for developers to master, and Git is by far the most popular version control system on the web. In this fast-paced course, author Ray Villalobos shows you how to install Git and use the fundamental commands you need to work with Git projects: moving files, managing logs, and working with branches. Plus, you'll learn how to work with the popular GitHub website to explore existing projects, clone them to your local hard drive, and use them as templates for your new projects. Get started now.<br><br>

Want to explore Git and GitHub in more depth? Watch <em>Git Essential Training</em> for more comprehensive coverage of these tools.",Course,2018-02-27 09:48 UTC,N/A,false,N/A,
Guy Kawasaki on Turning Life Wisdom into Business Success,"Get career advice from a real ""wise guy."" In this course, based on his book <i>Wise Guy</i>, one of the world's leading corporate evangelists, Guy Kawasaki, talks about how he built his career. Learn how he landed his first real job in the jewelry business—which turned out to be surprisingly useful training for the tech world. Find out why some of the riskiest moves he made at Apple—disparaging a potential partner and trading jabs with Steve Jobs—paid off. Guy also reveals how taking up surfing at the age of 62 sparked a new passion. In total, Guy covers everything from moral values to business skills to parenting. As he writes, “I hope my stories help you live a more joyous, productive, and meaningful life. If <i>Wise Guy</i> succeeds at this, then that’s the best story of all.”<br><br>

This course was created by <a href=""https://genconnectu.com/"" target=""_blank"">genconnectU</a>. We are pleased to offer this training in our library.",Course,2021-05-03 09:59 UTC,N/A,false,N/A,
SOLIDWORKS: Modeling a Bicycle,"Cycling is more popular than ever, and many people are opting to build their own frames. Whether you love bikes and you want to build your own frame, or if you just want to practice your own SOLIDWORKS skills in a fun and practical way, join design engineer and avid cyclist Johno Ellison as he shows how to create a rigid bike frame based on real-life frame geometry. He shows how to create the frame, identify off-the-shelf parts such as handlebars, combine them into an assembly, and prepare drawings for the final product. Throughout the course, Johno shows some of the more practical aspects of bike building, as well as how they relate to SOLIDWORKS and CAD in general, giving you a great way to apply your modeling skills.",Course,2022-08-22 12:33 UTC,N/A,false,N/A,
Learning How to Shoot Video at Home,"Learn how to shoot professional-looking video in your own home. Get a crash course in the basics of video production, including cameras, lighting, and composition, tailored for the first-time video shooter. Instructor Ash Blodgett covers technical concepts—such as frame rate, shutter speed, aperture, and exposure—in a concise and easy-to-understand way, giving you the basic information you need to make sure your footage looks its best. She also provides tips for capturing great audio and lighting your scene without expensive equipment. Plus, learn how to make a great video using just your mobile phone. These tips and techniques are perfect for creating great video on a budget—without ever having to leave home.<br><br>

This course was created by Ash Blodgett. We are pleased to offer this training in our library.",Course,2021-11-19 09:40 UTC,N/A,false,N/A,
Lighting for Photographers: Portraiture,"In this course, photographer and teacher Natalie Fobes introduces the techniques behind lighting for portraiture. Its begins with a look at the role of light in setting the mood of a portrait, and then looks at the essential gear photographers need for continuous-light portraiture. The techniques shown are also applicable to strobe lighting. Next, Natalie details a variety of common one-light and two-light lighting techniques, explaining exposure, metering considerations, and light modifiers along the way. The course concludes with several lighting tips, including minimizing physical challenges and do-it-yourself lighting gear instructions.",Course,2020-11-23 06:48 UTC,N/A,false,N/A,
Computer and Text Neck Stretching Exercises,"Our necks bear the brunt of the stress when we spend too much time looking at screens. Taking a break is the best solution, but sometimes we can’t afford to go offline. Luckily, with simple corrections to your posture and typing habits, you can eliminate injury to this sensitive area. Join Dr. Baxter Bell for this series of exercises that can help relieve and prevent neck pain. Discover the proper way to stretch your back and neck, lengthen your neck muscles and upper spin, deepen your breath, and get the blood flowing through your body. Plus, learn a simple exercise that will benefit your neck and your wrists.<br><br>

Note: This course was created and produced by <a href=”https://www.desk-yogi.com” target=”_blank”>Desk Yogi</a>.",Course,2021-06-21 06:33 UTC,N/A,false,N/A,
Lightroom for Faces (2019),"Retouching faces used to be challenging without using Adobe Photoshop, but recent improvements in Lightroom—involving the Spot Removal tool, Clone Stamp tool, Adjustment Brush tool, syncing capabilities, and more—have made it much simpler to use Lightroom as a stand-alone solution. This course shows you how to save time by staying in Lightroom instead of Photoshop. Discover how to remove unwanted blemishes, make local or targeted adjustments, enhance eyes, smooth skin, and more.",Course,2021-10-07 09:09 UTC,N/A,false,N/A,
SharePoint 365: Advanced Workflows with Nintex,"Do you need advanced forms that can accept, calculate, and validate user input? Nintex Forms for Office 365, the drag-and-drop forms designer, makes it easy to create complex forms for SharePoint and other Office applications. In this course, Tiffany Songvilay walks through adding business logic to forms using this powerful plugin. Learn how to format forms, write formulas, set up custom variables and controls, use validation rules, and leverage the responsive form layout. Tiffany reveals how to change the behavior of existing buttons, cascade lookup formulas, and even export the form for use elsewhere. You don't need to be a developer to benefit from these techniques. Follow along to start building your own interactive forms for SharePoint.",Course,2018-03-03 15:58 UTC,N/A,false,N/A,
SOLIDWORKS: Designing for Consumer Electronics,"Consumer electronics are all around us, and new products are created every year. In this course, instructor Johno Ellison teaches the basics of designing these items in SOLIDWORKS. Through this project-based course, he shows you how to design a game controller using SOLIDWORKS features like lofts, fillets, mirroring, and shell. Course projects include creating an assembly, adding fastening details, and even creating the buttons, joystick, and printed circuit board that go into the controller. Johno concludes with a discussion of development and potential next stages in the design process.",Course,2021-06-30 12:18 UTC,N/A,false,N/A,
Career Advice from Some of the Biggest Names in Business,"What if you could get career advice from the world's most influential thinkers, leaders, and innovators? People who have run the top companies, created the most beloved brands, transformed industries, and changed the world? Now you can. This course brings together the best insights from our collection of interviews with LinkedIn Influencers. CEOs such as Richard Branson, Bill Gates, Indra Nooyi, and Meg Whitman reveal what it takes to get your foot in the door and then work your way up. Discover why Starbucks founder Howard Schultz thinks that conviction is so critical, how Oprah found her vision, and what actress Priyanka Chopra does to find the next challenge. Each interview provides short and thoughtful tips you can use to propel your own career in the right direction.",Course,2021-06-10 08:32 UTC,N/A,false,N/A,
CompTIA Network+ (N10-007) Cert Prep: 3 The World of TCP/IP,"Take a deep dive into the world of TCP/IP while you study for the new CompTIA Network+ exam (N10-007). This is part 2 of a 9-part series, brought to you by a partnership between LinkedIn Learning and Total Seminars. The training is based on Mike Meyers's gold standard
<i>CompTIA Network+ All-in-One Exam Guide, 7th Edition</i>. This installment covers dynamic and static IP addressing, subnetting, NAT addressing, port forwarding, and dynamic and static routing using modern protocols such as RIP, OSPF, and BGP. By the end, you'll have improved your networking skills and your ability to earn this sought-after IT certification.<br><br>This Total Seminars course covers the exam certification topics. For information on additional study resources—including practice tests, lab simulations, books, and discounted exam vouchers—visit <a href=""https://www.totalsem.com/linkedin/"" target=""_blank"">totalsem.com/linkedin</a>. LinkedIn Learning members receive special pricing.<br><br>This course was created by Total Seminars. We are pleased to offer this training in our library.<br><br>We are a CompTIA Partner. As such, we are able to offer CompTIA exam vouchers at a 10% discount. For more information on how to obtain this discount, please download <a href=""https://media.licdn.com/media/AAYAAQCwAAoAAQAAAAAAAG3CMmCLXtxNTomv6EtKgcNb7Q.pdf"" target=""_blank"">these PDF instructions</a>.",Course,2021-04-14 09:25 UTC,N/A,false,N/A,
Be the Manager People Won't Leave,"<div><a href=""https://www.linkedin.com/newsletters/6457790820677410816?trk=lil-course-description"" target=""_blank"" class=""artdeco-button artdeco-button--1"">View Laurie's LinkedIn Newsletter</a></div><p>With the ""Great Reshuffle,"" employees are quitting their jobs at the highest rates in over 20 years, and 41% of the global workforce is considering leaving their jobs. Manager relationships are becoming the make-or-break point for whether employees stay or go. Join veteran HR leader Laurie Ruettimann as she reveals the data behind why it's more important than ever to be a manager who demonstrates empathy and inspires loyalty from the workforce. Laurie covers basics first: be someone people can trust, be an example of integrity, and be relentlessly inclusive. She steps you through ways to inspire your employees to grow. Laurie finishes up by showing you how you can help your team members love their work by being a next-level mentor, a fun-loving boss, and a leader who is genuinely invested in your employees’ well-being.</p>",Course,2022-05-13 07:04 UTC,N/A,false,N/A,
John Patitucci: Electric Bass Complete,"Explore the electric bass with master bassist John Patitucci. In this course, you can learn right- and left-hand exercises, drills for groove and timing using a variety of musical sources, and ear-training techniques for bass. John also explore the six-string extended bass guitar and its unique features. Plus, get tips for soloing and improvisation for bass guitar. These lessons are valuable for bassists of all levels, as well as any musician who plays or programs bass lines.<br><br>

This course was created by Alfred Music. We are pleased to offer this training in our library.",Course,2022-05-30 06:44 UTC,N/A,false,N/A,
Career Wellness Nano Tips with Shadé Zahrai,"Welcome to our <i>Nano Tips</i> series, where LinkedIn Learning creators deliver impactful lessons in literally seconds.<br><br>In this course, get some quick tips on how to better manage your work life and career. Check out some practical advice on workload prioritization, emotional self-regulation, and managing overwhelming work experiences. Also learn how to bring empathy to work, receive feedback with confidence, and even find out the real reason behind procrastination.",Course,2022-04-20 21:21 UTC,N/A,false,N/A,
CONTENT METADATA NO LONGER EXISTS - urn:li:lyndaCourse:466190,CONTENT METADATA NO LONGER EXISTS - urn:li:lyndaCourse:466190,Course,2018-02-24 10:49 UTC,N/A,true,N/A,
Learning Spring with Spring Boot (2019),"Spring is the hugely popular framework for developing Java applications in the enterprise space. In this course, discover how to leverage Spring Boot, which takes an opinionated view of the Spring platform. Follow Frank Moley as he walks through how to use Spring Boot to quickly and efficiently develop a practical, enterprise-style web application. As Frank explains how to develop the app, he helps to familiarize you with the general Spring framework. Plus, Frank dives into some of the basic projects of Spring that you can use to develop Java-based applications.",Course,2021-05-16 10:53 UTC,N/A,false,N/A,
Arduino: Prototyping,"For designers and product managers, the Arduino family of microcontrollers and easy-to-assemble components is a valuable tool for exploring and evaluating hardware product designs. Rapid, incremental prototypes can help improve outcomes and reduce cost and time in the design process. In this course, instructor Robert Gallup helps you go beyond the basics and learn what it takes to develop Arduino-based prototypes. Robert begins by providing an overview of the prototype development process, highlighting both best practices and potential pitfalls. He then steps through how to develop and refine a proof-of-concept prototype, introducing relevant concepts and techniques along the way. After this course, you'll be ready to tackle your own hardware prototyping using Arduino. <br>
Robert also includes several hands-on challenges with solutions to help you better understand the LCD, animation dynamics, and the final process of completing your prototype and modifying it in response to feedback.",Course,2022-11-10 07:18 UTC,N/A,false,N/A,
Learning Personal Branding,"You are the most powerful marketing tool at your disposal. If you are starting a business, establishing your thought leadership, or trying to get ahead in your career, it's a great time to start investing in the brand of you. Learn the secrets of personal branding in this course with marketing expert Chelsea Krost. Chelsea explains how to develop your story, craft your messaging, and define your audience. Then she walks you through building your brand presence online and off, creating a calendar that will help you stay on top of social media and keep your content fresh. Plus, get tips to monetize your personal brand and land speaking engagements and guest roles.",Course,2020-10-26 15:15 UTC,N/A,false,N/A,
CONTENT METADATA NO LONGER EXISTS - urn:li:lyndaCourse:2483198,CONTENT METADATA NO LONGER EXISTS - urn:li:lyndaCourse:2483198,Course,2022-07-12 10:07 UTC,N/A,false,N/A,
Learning Angular (2018),"Frameworks can help you get things done quickly by providing a model for development that yields special functionality. This course helps to acquaint you with a ""superheroic"" JavaScript framework for building single-page web applications—Angular. Ray Villalobos introduces the main features of the Angular framework, which was designed by Google to help you quickly develop web applications with advanced features like declarative templates and data-binding. Ray begins by explaining how to work with the Angular CLI, and demonstrating how to install additional frameworks—including jQuery and Bootstrap—to an Angular project. He then explains how to work with templates in Angular, bind data to templates, use lifecycle methods, and more.",Course,2018-02-15 14:20 UTC,N/A,false,N/A,
SharePoint Designer 2013: Custom Workflows,"See how to boost your team's productivity using custom workflows in Microsoft SharePoint. Gini Courter explains how to design workflows in SharePoint Designer, and eliminate inefficiencies and leverage automation to avoid repetitive tasks. You'll learn to create a simple form for your workflow, set up email notifications, and work with list and utility actions. Gini also shows how to design workflows that are easy to maintain and reusable, and deploy your workflows into the wild in SharePoint.",Course,2018-06-27 07:58 UTC,N/A,false,N/A,
CONTENT METADATA NO LONGER EXISTS - urn:li:lyndaCourse:170334,CONTENT METADATA NO LONGER EXISTS - urn:li:lyndaCourse:170334,Course,2018-08-02 07:58 UTC,N/A,false,N/A,
Java Essential Training: Syntax and Structure,"<p>Java is one of the most popular programming languages in the world, running on billions of devices across the globe. As such, being able to program in Java is a highly sought-after skill. This course with certified Java developer Angie Jones provides the foundation for learning how to program with the most recent Long-Term-Support (LTS) release, Java 17. Angie shows how to install Java and IntelliJ IDEA, a leading Java IDE, and start working with variables, data types, and other critical language components. She also helps you control program flow with conditional logic and loops, store data with Java collections, and understand how Java implements object-oriented coding principles such as inheritance. Angie also offers challenges along the way so you can test your skills as you go.</p><p>This course is part of a <a href=""https://www.linkedin.com/learning/paths/java-foundations-professional-certificate-by-jetbrains"" target=""_blank"">Professional Certificate</a> from JetBrains.</p>",Course,2023-09-17 10:59 UTC,N/A,false,N/A,
Grasshopper and Rhino: C# Scripting,"Grasshopper, the visual programming plugin for Rhino, offers many features that can help you generate complex parametric models. Want to push the boundaries of what Grasshopper can do even further? This course shows you how. Join instructor Jeremy Graham as he goes over the fundamentals of C# programming in Grasshopper, explaining how to extend the plugin's functionality by working directly with the Rhino API. To begin, Jeremy demonstrates how to set up Grasshopper to work with C#. He then covers basic C# concepts like strings, collections, and arrays, and steps through how to build all kinds of geometry with C#. After completing the course, you'll have the knowledge you need to start using C# to extend the functionality of Grasshopper and improve your ability to formulate innovative designs.",Course,2022-02-04 15:48 UTC,N/A,false,N/A,
CONTENT METADATA NO LONGER EXISTS - urn:li:lyndaCourse:647650,CONTENT METADATA NO LONGER EXISTS - urn:li:lyndaCourse:647650,Course,2018-01-17 16:41 UTC,N/A,true,N/A,
Nano Tips for Peak Performance with Shadé Zahrai,"Welcome to our <i>Nano Tips</i> series, where LinkedIn Learning creators deliver impactful lessons in literally seconds. In this installment, find out how to supercharge your performance, exploring key insights and techniques from peak performance researcher and behavioral strategist to Fortune 500 companies, Shadé Zahrai.  
<br><br>
Learn how to optimize your brain power, habits you can establish for success, and how you can set up a commitment to excellence to level up your career and performance for the long term.",Course,2024-11-30 07:06 UTC,N/A,false,N/A,
Advanced NoSQL for Data Science,"<p>Many organizations are turning to NoSQL databases to store large volumes of complex data, sparking an increased need for data scientists and analysts to understand non-relational data stores. If you're a data scientist or business analyst who needs to work with NoSQL, then this course is for you. Learn about the differences between relational and NoSQL databases, review types of NoSQL databases, and see how to perform common data science tasks, including data preparation, exploration, and building and applying models.</p><p>The course begins with an introduction to NoSQL, and then delves into the specifics of document, wide-column, and graph databases. Learn key details for performing data preparation, exploration, and extraction for each type of NoSQL database. Review case studies that show how to use various NoSQL databases with popular data science tools, including the document database MongoDB, the wide-column database Cassandra, and the graph database Neo4j.</p>",Course,2024-03-13 11:31 UTC,N/A,false,N/A,
Eclipse Essential Training (2018),"Eclipse is an industry-standard IDE and a critical tool for developers who want to build projects in multiple languages. In this course, Todd Perkins shows how to effectively use Eclipse's built-in tools and extensions to create, code, test, and debug projects in Java, PHP, C/C++, Perl, and Python. He'll show how to adapt the Eclipse workflow to the nuances of each language, and integrate with Git for version control. By the end of the course, developers will be able to wield all of Eclipse's most essential features with confidence.",Course,2017-03-03 08:10 UTC,N/A,false,N/A,
Understanding and Supporting Asian Employees,"Underrepresented employees face unique challenges in the workplace, and understanding how to support them in these challenges is key to building a more inclusive workplace. Dr. Sarah-SoonLing Blackburn shows you how to get started. She begins with important terminology and breaks down the model minority myth. Dr. Blackburn explains why lived experiences matter in the workplace and goes over several issues that impact Asian employees at work. She points out that the Asian community is not a monolith and discusses ways to build a more meaningfully inclusive workplace culture. Dr. Blackburn covers several steps you can take to support Asian employees, such as making space for discussion and speaking up against bias. She concludes by describing how everyone has a role to play in creating inclusive workplace environments. 
<br><br>
Note: This course contains US-based examples and scenarios; however, learners around the world may still find the concepts applicable.",Course,2022-03-16 13:50 UTC,N/A,false,N/A,
Preparing for a Career Transition over 50,"Prepare for a transition late in your career. Learn to adjust your time, finances, and behaviors as you move from one role to another. Career transition coach John Tarnoff shows how to be proactive, how to create a plan that helps you be resilient, and how to plan out your transition, depending on whether you have an existing job or income source. Because true change comes from within, John also helps you reshape your thought patterns and behaviors so you can make the most of a new opportunity—without hanging onto old habits. Finally, get tips for staying on top of technology and keeping up to date with 21st century workforce values. With these best practices, anyone over 50 can embark on a great second act.",Course,2022-06-15 07:09 UTC,N/A,false,N/A,
After Effects 2020 New Features,"After Effects 2020 is here. Want to know how this new version will impact your motion graphics workflow? This course covers the latest upgrade, focused around the new, more powerful Content-Aware Fill. Discover how to remove an object, create a reference frame, and remove a logo on a smooth surface with this intelligent editing tool. Instructor Mark Christiansen provides practical tips to help you get the most from this forward-looking update.",Course,2020-09-30 09:26 UTC,N/A,false,N/A,
Transform Your Personal Brand (2019),"Creating and owning a strong personal brand is one of the best things you can do for yourself. It’s the pathway for greater visibility and a better career. Learn how to transform your personal brand through a step-by-step process from LinkedIn top voice Goldie Chan. Whether you're inside a traditional company, or an entrepreneur building the next big thing, Goldie shares tactical steps and strategies to create and amplify a personal brand. Discover how to overcome impostor syndrome and differentiate yourself, and then craft and share a powerful brand story. Goldie also provides tips to select mentors to champion your brand, share your brand across many platforms, and live your brand every day, from simple daily interactions to unique networking and volunteering opportunities.<br><br>

This course was created by <a href=""http://www.onlymadecraft.com"" target=""_blank"">Madecraft</a>. We are pleased to host this content in our library.<br><br><img src=""https://media.licdn.com/media/AAYAAgCwAAoAAQAAAAAAAHppnBQxgeyWS2CsU3aDDPcMgw.jpg"" height=""25%"" width=""25%"">",Course,2022-04-12 19:35 UTC,N/A,false,N/A,
CONTENT METADATA NO LONGER EXISTS - urn:li:lyndaCourse:614305,CONTENT METADATA NO LONGER EXISTS - urn:li:lyndaCourse:614305,Course,2018-01-23 09:31 UTC,2018-01-18 16:00 UTC,true,N/A,
CONTENT METADATA NO LONGER EXISTS - urn:li:lyndaCourse:96949,CONTENT METADATA NO LONGER EXISTS - urn:li:lyndaCourse:96949,Course,2018-02-23 07:34 UTC,N/A,false,N/A,
Sheryl Sandberg and Adam Grant on Option B: Building Resilience,"Dodging adversity is often not a choice. Encountering a devastating event—the gut-wrenching kind that zaps away joy—is an inevitability of life. In their <em>New York Times</em> best-selling book <em>Option B: Facing Adversity, Building Resilience, and Finding Joy</em>, Facebook COO Sheryl Sandberg and Wharton psychologist Adam Grant share their insights on building resilience in the face of such setbacks. They offer practical steps you can take to reimagine and rebuild your life when your first choice—your Option A—is no longer on the table, and you're faced with the task of making the absolute best of Option B. This course highlights some of the powerful topics in this book, including how to talk to friends and colleagues who are hurting when you're not sure what to say, how to fight the idea that the hurt you're feeling is permanent, and how to give yourself permission to experience happiness again.<br><br> For additional resources and support, check out <a href=""https://optionb.org/"" target=""_blank""> OptionB.Org</a>, a nonprofit initiative dedicated to helping individuals build resilience in the face of adversity.",Course,2020-11-12 12:43 UTC,N/A,false,N/A,
Ethical Hacking: Introduction to Ethical Hacking (2019),"What is ethical hacking? When it comes to cybersecurity, hacking comes in many colors: white, grey, black, and shades in between. White hat hackers use their skills for good. They practice ethical hacking: involved testing to see if an organization's network is vulnerable to outside attacks. Ethical hacking is key to strengthening network security, and it's one of the most desired skills for any IT security professional. If you're interested in becoming an ethical hacker, or getting started securing your own network, this introduction is for you. Security expert Lisa Bock explores today's threat landscape, dissecting the top attack vectors and motives for attacks. Lisa identifies a variety of ways to secure an organization, explores policies that help enforce security objectives, and more.</br></br>

Note: The <em>Ethical Hacking</em> series maps to the 20 parts of the <a href=""https://iclass.eccouncil.org/our-courses/certified-ethical-hacker-ceh/#1493240598534-2f9b47f1-3b7e"" target=""_blank"">EC-Council Certified Ethical Hacker (CEH) exam (312_50) version 10.</a>",Course,2022-07-18 14:41 UTC,N/A,false,N/A,
SharePoint Workflow Automation: Nintex,"Make more of your repeat processes run automatically by leveraging the workflow capabilities of SharePoint. Admins and power users can readily learn and adopt the Nintex plugin as a solution for creating workflows, without having to write code. This course explores how to use Nintex, including how to automate an approval workflow, add workflow actions, monitor workflows, and design drag-and-drop forms.",Course,2018-03-02 17:07 UTC,2018-03-03 15:18 UTC,false,N/A,
The Leap to Leader: Go from Management to Leadership,"<p>If you’re angling to make the jump to a leadership position in your organization, it can be a daunting task. In his book, <i>The Leap to Leader: How Ambitious Managers Make the Jump to Leadership</i>, Adam Bryant details the insights he gained from over a decade’s worth of interviews with hundreds of CEOs. In this audiobook summary, Adam—the creator and former author of the <i>New York Times'</i> “Corner Office” column—shares some key leadership lessons from his book, and provides a roadmap for anyone looking to move into a leadership role.
</p><p>
Note: This audiobook summary was created by Next Big Idea Club. We are pleased to host this content in our library.",Course,2024-06-29 13:39 UTC,N/A,false,N/A,
CompTIA Network+ (N10-007) Cert Prep: 4 Making TCP/IP Work,"The CompTIA Network+ certification is one of the most popular vendor-neutral certifications for networking professionals. In this installment of the nine-part <i>CompTIA Network+ Cert Prep</i> series, instructor Mike Meyers covers essential networking concepts as he discusses TCP/IP applications and network naming. Mike dives into the concepts and characteristics of routing and switching. He explores various tools that can help you get quick answers when troubleshooting a network latency issue, explains the various protocols used in sending and receiving email, discusses how to work with the DNS system, and more.<br><br>This Total Seminars course covers the exam certification topics. For information on additional study resources—including practice tests, lab simulations, books, and discounted exam vouchers—visit <a href=""https://www.totalsem.com/linkedin/"" target=""_blank"">totalsem.com/linkedin</a>. LinkedIn Learning members receive special pricing.<br><br>This course was created by Total Seminars. We are pleased to offer this training in our library.<br><br>We are a CompTIA Partner. As such, we are able to offer CompTIA exam vouchers at a 10% discount. For more information on how to obtain this discount, please download <a href=""https://media.licdn.com/media/AAYAAQCwAAoAAQAAAAAAAG3CMmCLXtxNTomv6EtKgcNb7Q.pdf"" target=""_blank"">these PDF instructions</a>.",Course,2021-01-04 14:43 UTC,N/A,false,N/A,
Improving Your Listening Skills (2018),"Just as public speaking is a skill that you can hone through practice, good listeners aren't in possession of a special, unattainable gift—careful listening is a skill that you can learn. In this course, join career expert Dorie Clark as she helps uncover why it's hard to listen well, and how to develop the mindset of a good listener. She also provides multiple listening strategies to help you manage when you're the one not being listened to, how to keep yourself from interrupting, and how to listen to what's not being said. In addition, she explains how to let others know that they've been heard, and how to listen when someone is annoying.",Course,2018-02-18 21:29 UTC,2018-02-18 21:25 UTC,false,N/A,
Sleep Is Your Superpower,"Sleep is mandatory. You can’t outsource it and you can’t negotiate it—and it has a powerful impact on everything you do while you’re awake. So why not build habits to optimize your sleep and live your best life? Learn how to make sleep a priority and take steps to achieve sleep wellness. The Sleep Ambassador®, Nancy Rothstein, shares tips for optimizing sleep and performing at your best in work and life. Learn how to prioritize sleep, assess your sleep, create the right sleep environment, and adopt strategies to fall asleep and stay asleep. Nancy offers concrete, practical advice based on research and science—so you can master sleep as your superpower.",Course,2022-02-28 09:53 UTC,N/A,false,N/A,
SharePoint 2013 Essential Training,"In this course, Gini Courter shows you the basics you need to get started using Microsoft SharePoint Server 2013 for business collaboration and real-time documentation sharing. The course teaches SharePoint site owners and members how to create, edit, and save documents; create and use team sites; navigate permissions; maximize workflows; and fully integrate SharePoint and Office 2013.",Course,2018-01-12 09:51 UTC,N/A,false,N/A,
Office 365: Implement Identities for SSO (Office 365/Microsoft 365),"Office 365 is a cloud-based set of services that allow corporate users to securely communicate and collaborate more easily in today's mobile world. Single sign-on ensures that they can easily transition from one service or app to another, creating a more seamless and productive user experience.<br><br> 

Here, system admins will learn how to implement and manage federated identities for single sign-on in Office 365. Microsoft Certified Trainer Sharon Bennett shows how to plan for an Active Directory Federation Services (AD FS), install the AD FS role on Windows Server 2012 R2, and install and manage AD FS proxy servers.<br><br> 

Note: This training course maps to the Implement and Manage Federated Identities for SSO domain for Microsoft Certification exam 70-346.",Course,N/A,N/A,true,N/A,
Learning Microsoft Flow 2017,"Using the cloud-based Microsoft Flow, you can create automated workflows from your desktop, laptop, or mobile device between services like Facebook, Outlook, and Instagram—all without needing to write a single line of code. In this course, Gini von Courter dives into the basics of Microsoft Flow, and demonstrates how to use templates to automate tasks. She shows how to create a flow with a template, test your flow, create a flow in SharePoint, and use approval flows. Plus, she shows how to install and use the Microsoft Flow app to further enhance your mobile productivity.",Course,N/A,N/A,true,N/A,
SharePoint: Mobilizing Workflows with PowerApps,"Access your existing SharePoint applications wherever you go by creating a PowerApp. In this course, Gini von Courter explains how to access the lists and workflows you've built in SharePoint on a mobile device or in a browser by creating a PowerApp. Gini covers topics such as how to create an app from SharePoint, how to package the app, and deployment to mobile devices. These techniques will work only for SharePoint and SharePoint Designer workflows, and not workflows created in Microsoft Flow.",Course,N/A,N/A,true,N/A,
Jodi Glickman on Pitching Yourself (2018),"Pitching is a universal skill. The time will come when you need to pitch an idea, a project, or even yourself. But you may stumble when the moment strikes—if you don't have a quick and effective process to nail the pitch. In this free course, thought leader Jodi Glickman shares her go-to approach for selling your ideas, your story, and yourself. Learn three easy steps to a successful pitch: destination, backstory, and connecting the dots.",Course,2021-05-31 11:04 UTC,N/A,false,N/A,
SharePoint Framework for Developers:  1 Understanding the Toolchain,"SharePoint Framework (SPFx) allows developers to extend SharePoint Online and SharePoint on premises, via web parts or extensions. Before diving into SPFx, you need to master the toolchain—technologies such as Node.js, npm, Gulp, TypeScript, webpack, Yeoman, Sass, and more. Instructor Sahil Malik uses this introductory course to explore the toolchain. He shows how to write basic Node.js code; bundle images, CSS, and apps with webpack; use Yeoman generators; and integrate TypeScript and Sass. Developers who are already familiar with these tools can jump to the end of the course, where Sahil shows how to set up a complete SPFx development environment.",Course,2018-05-28 09:06 UTC,2018-05-28 08:25 UTC,true,N/A,
Executive Presence on Video Conference Calls,"Learn how to shine on video conference calls. Communication consultant Jessica Chen provides expert advice to look and sound confident, collected, and smart on your next conference call or video presentation. Discover how to prepare your material, how to contribute to the call, and how to incorporate engaging visuals. Get body language, posture, and wardrobe tips to make a powerful impression. Finally, learn the technical details to building a mini ""studio"" for conducting calls, including choosing a webcam, lighting yourself, and placing a microphone for quality sound. <br><br>Note: This course was featured in <i>Market Watch</i>, <i>Inc.</i>, <i>Fortune</i>, <i>Forbes</i>, and <i>Entrepreneur</i>.",Course,2021-04-06 06:51 UTC,N/A,false,N/A,
Web Development Foundations: Full-Stack vs Front-End,"Do you want to become a web developer? Nowadays, web development isn't one job. There is a range of technologies and career options to explore. The core responsibilities are split two ways—between front-end developers who specialize in websites and applications and back-end developers who work with servers and databases—but you can also become a full-stack developer who oversees all aspects of a project. This course provides an overview of the different jobs available in web development, the tools and frameworks to focus on, and the skills each job entails. Senior staff author Ray Villalobos also provides tips on finding training, getting hired, and maximizing your earning potential in this lucrative and exciting field.",Course,2018-01-25 07:11 UTC,2018-01-25 07:10 UTC,false,N/A,
"SharePoint  Framework for Developers: 3 Deployment, Upgrades, and Lifecycle","The SharePoint Framework (SPFx) is the development methodology for Office 365 and SharePoint on premises. In this practical course—the third installment in a series—instructor Sahil Malik shares real-world techniques for managing your SharePoint solutions. Sahil explains how to deploy SPFx solutions and manage their upgrades, as well as how to use the site collection app catalog. He also provides an introduction to the application lifecycle management APIs, including coverage of Office 365 CDN, Site Collection App Catalog, ALM APIs, and lifecycle management of SPFx solutions using both SharePoint PnP PowerShell and the Office 365 CLI.",Course,N/A,N/A,true,N/A,
Microsoft Project 2019 Essential Training,"Learn how to master Microsoft Project, the world's leading project management software. This training course covers Project 2019 and Project Online Desktop, the subscription version of the desktop app. Bonnie Biafore, PMP, begins by showing how to set up a project and components such as work tasks, summary tasks, milestones, recurring tasks, and different types of resources. Next, she shows how to link and time tasks, assign resources to tasks to build a realistic project schedule, and use views to get an accurate window into project status. She also explains how to use Project to help evaluate your schedule and resource workloads to make sure you're bringing a project in on time and within budget. Plus, learn how to create and run reports and share project information with others.",Course,2020-10-26 15:20 UTC,N/A,false,N/A,
Office 365: Implement Networking and Security (Office 365/Microsoft 365),"Learn the essentials of networking and security for an Office 365 subscription, as outlined in the corresponding domain of Microsoft Exam 70-346, Managing Office 365 Identities and Requirements. Brian Culp breaks down the techniques into four sections. First, learn how to configure DNS records for Office 365 services. Then learn how to enable connectivity and administer Azure Rights Management, the policy-based security solution for Office 365. Last but not least, Brian shows how to create and manage administrative roles using the admin center as well as PowerShell scripting.<br><br>

This course is ideal for any network administrator working with Office 365 and will serve as a valuable prep course for administrators wishing to learn the skills necessary to pass the exam.",Course,2018-01-24 15:04 UTC,N/A,true,N/A,
Web Programming Foundations,"<div><a href=""https://www.linkedin.com/newsletters/6780173704283475968?trk=lil-course-description"" target=""_blank"" class=""artdeco-button artdeco-button--1"">View Morten's LinkedIn Newsletter</a></div><p>To be an effective web programmer, you have to understand what happens when you enter a URL or click on a link. Under every webpage lies the markup—JavaScript, HTML, and CSS—and the hierarchy that controls display—the Document Object Model (DOM). Then there is the server that hosts the files, the browser that renders them, the metadata, and the mobile experience to consider. Explore what happens below the surface, and learn how to write better code. This course provides a deep dive into the world wide web, and the underlying structures you need to understand to build robust applications and websites that are efficient and easy to maintain. Learn how HTML documents provide the foundation for CSS and JavaScript, and see how to layer presentation and interactions on top. Learn how different code editors and browsers interact with web content, enabling editing, programming, and display. Discover why accessibility is so important to keeping the web open and available to all users, and what workflow works best for web programming. Instructor Morten Rand-Hendriksen keeps the lessons fun and fast-paced, so it's easy for almost anyone—web programmers, web designers, and even web publishers—to follow along.</p>",Course,2018-02-26 15:49 UTC,2018-02-26 15:36 UTC,false,N/A,
AWS Certified Solutions Architect - Associate (SAA-C02) Cert Prep: 1 Cloud Services Overview,"Get an introduction to the basics of cloud computing and the Amazon Web Services (AWS) platform. This course is the first of a nine-part series designed to help prepare you to take and pass the AWS Certified Solutions Architect - Associate (SAA-C02) exam—and it's been updated for the March 2020 version of the certification. Explore the benefits of cloud computing, the range of AWS services, the security solutions built into AWS, and the AWS regions and availability zones. Instructor Tom Carpenter provides foundational instruction for anyone beginning the journey to becoming an AWS architect, as well as those prepping for the AWS Certified Solutions Architect - Associate exam.<br><br>This Total Seminars course covers the exam certification topics. For information on additional study resources—including practice tests, lab simulations, books, and discounted exam vouchers—visit <a href=""https://www.totalsem.com/linkedin/"" target=""_blank"">totalsem.com/linkedin</a>. LinkedIn Learning members receive special pricing.<br><br>This course was created by Total Seminars. We are pleased to offer this training in our library.",Course,2022-06-06 14:58 UTC,N/A,false,N/A,
CONTENT METADATA NO LONGER EXISTS - urn:li:lyndaCourse:518695,CONTENT METADATA NO LONGER EXISTS - urn:li:lyndaCourse:518695,Course,N/A,N/A,true,N/A,
Office 365: Provision Office 365 (Office 365/Microsoft 365),"Learning about provisioning Microsoft Office 365 is a critical first step to working with Office 365. Seasoned network admins as well as those considering a move to Office 365 should know about provisioning: configuring key resources and settings, including tenants, custom domains, and pilots. In addition, these skills are tested on the MCP/MCSA exam 70-346 (Managing Office 365 Identities and Requirements), comprising 15% of the test.<br><br> 

This course helps you prepare for exam 70-346, and master some of the most common administrative tasks involved in setting up Office 365. Instructor Brian Culp demonstrates how to configure tenants and updates, define admin roles, specify custom domains for Office 365 deployments, and plan a pilot with pilot users and usage cases. This is an ideal course for anyone tasked with administering an Office 365 environment, and is a valuable exam prep course for those wishing to become Microsoft certified.",Course,2018-01-22 13:20 UTC,2018-01-22 13:16 UTC,true,N/A,
SharePoint Framework for Developers: 4 Managing External Libraries,"Enhance your ability to work with the SharePoint Framework (SPFx), the development methodology for Office 365 and SharePoint on premises. This course demonstrates how you can leverage external third-party libraries in your SPFx solutions. Discover how to add third-party libraries into your project, and explore the out-of-the-box behavior for React, Knockout, Angular, and jQuery web parts. Plus, review some advanced scenarios, including how to download libraries programmatically and conditionally, integrate Bootstrap in SPFx, and externalize scripts using externalize and config.json.",Course,2018-05-30 10:00 UTC,N/A,true,N/A,
Office 365: Configure Exchange Online and Skype for Business Online for End Users,"Email, calendar, contacts, and videoconferencing are some of the most important services in Office 365—but they don't come configured perfectly straight out of the box. To satisfy end users, you need to know how to configure the advanced options in Exchange Online and Skype for Business Online. Follow along with instructor Sharon Bennett and learn how to set up and manage secondary email addresses, shared mailboxes, groups, personal archives, automatic retention policies, and Skype presence and services. These are the power settings that network admins need to know to keep users happy—and pass the corresponding domain of Microsoft Exam 70-347: Enabling Office 365 Services.",Course,N/A,N/A,true,N/A,
Office 365: SharePoint-Anwendungsfälle (Microsoft 365),"Die SharePoint-Berater Dirk Diestelhorst und Karsten Ulferts zeigen Ihnen in diesem Video-Training, wie Sie SharePoint-Lösungen in der Praxis auf unterschiedliche Weise aufbauen. Ausgehend von der Kundenanforderungen wird die Vorgehensweise erläutert und Schritt für Schritt praktisch umgesetzt. Als Beispiele dienen eine Vertragsverwaltung und eine Kundenverwaltung, die verschiedene SharePoint-Funktionen kombinieren und damit Ihre Vorstellungskraft bzgl. SharePoint-Lösungen inspirieren sollen.<br><br>
HINWEIS: Microsoft hat Office 365 im April 2020 in Microsoft 365 umbenannt.",Course,2018-01-12 10:25 UTC,2018-01-10 15:35 UTC,true,N/A,
Office 365: Plan for Exchange Online and Skype for Business Online (Office 365/Microsoft 365),"Email, calendar, contacts, and videoconferencing are some of the most important services in Office 365. How can you roll them out to your users in the most seamless and secure way possible? Take these lessons from Microsoft Certified Trainer Sharon Bennett and learn how to plan your Exchange Online and Skype for Business Online deployments—and pass the corresponding domain of Microsoft Exam 70-347: Enabling Office 365 Services. Learn how to create effective anti-malware and anti-spam policies that reduce malicious email. Discover how to migrate mailboxes to Office 365 using one of five recommended methods. Find out how to plan for a secure Exchange Online environment, by configuring archiving, permissions, and data loss prevention. Finally, Sharon demonstrates how to manage Skype services for external and internal video and audio communications.",Course,N/A,N/A,true,N/A,
Office 365: Manage Clients and End-User Devices (Office 365/Microsoft 365),"Configuring Office 365 is only half the battle. Once your subscription is set up correctly, you need to deploy services to all the devices in your organization: PCs, tablets, and smartphones alike. This course helps you deploy and manage custom installations of Office 365 and Office 365 ProPlus, and study for Microsoft exam 70-347, Enabling Office 365 Services. Learn how to restrict self-provisioning of Office 365 ProPlus, Office for Mac, Windows Store apps, and other mobile apps; restrict and revoke activation; and manage deployments with the Office Deployment Tool. Discover how to troubleshoot Office 365 with the Telemetry Dashboard and the Microsoft Office Configuration Analyzer Tool (OffCAT) and implement modern authentication. Our staff author Sharon Bennett is a Microsoft Certified Trainer who will help you get the most out of your Office 365 subscription and prepare you for this critical aspect of < a href=""https://www.microsoft.com/en-us/learning/exam-70-347.aspx"" target=""_blank"">MCSA: Office 365 certification</a>.",Course,N/A,N/A,true,N/A,
Tableau 10: Mastering Calculations,"Tableau 10—the popular analytics and visualization tool—provides you with the ability to create powerful calculations. In this course, learn how to leverage this aspect of the platform, and start creating useful and powerful formulas in Tableau Desktop. Instructor Curt Frye begins by going into data types, conversions, and function syntax, and shares how to create a calculated field and an ad hoc calculation. He then covers how to summarize data using aggregate functions, explaining how to calculate the sum of a collection of values, as well as the average, minimum, and maximum of a set. He also discusses working with times and dates, creating conditional calculations, implementing level of detail expressions, and more.",Course,2019-02-26 21:11 UTC,N/A,false,N/A,
SharePoint Designer 2010: Building Custom Workflows,"See how to boost your productivity and efficiency using self-monitoring document workflows in SharePoint. Author Gini Courter explains how to design streamlined workflows, from analyzing inefficiencies in manual processes to leveraging automation to avoid performing tedious, repetitive tasks. The course also covers setting up forms and email notifications, collecting and working with user data, performing calculations, and making workflows reusable.",Course,2018-06-22 17:03 UTC,N/A,false,N/A,
CONTENT METADATA NO LONGER EXISTS - urn:li:lyndaCourse:693071,CONTENT METADATA NO LONGER EXISTS - urn:li:lyndaCourse:693071,Course,2020-10-30 07:17 UTC,N/A,false,N/A,
JavaScript Essential Training (2017),"JavaScript is a scripting language of the web. As the web evolves from a static to a dynamic environment, technology focus is shifting from static markup and styling—frequently handled by content management systems or automated scripts—to dynamic interfaces and advanced interaction. Once seen as optional, JavaScript is now becoming an integral part of the web, infusing every layer with its script.
<br><br>Through practical examples and mini-projects, this course helps you build your understanding of JavaScript piece by piece, from core principles like variables, data types, conditionals, and functions through advanced topics including loops, closures, and DOM scripting. Along the way, you will also be introduced to some ES6 and the basics of JavaScript libraries.",Course,2018-02-15 13:57 UTC,2018-02-15 13:45 UTC,false,N/A,
Coding Exercises: Java,"How do you get better at writing code in Java? You practice, of course. Test your Java skills with these hands-on practice challenges. In this course, instructor Kathryn Hodge presents a variety of concise (five minutes or less) beginner, intermediate, and advanced code challenges that you can use to test your skills. The lessons are independent, so you can skip around and watch them in any order. For each challenge, Kathryn provides a walkthrough solution and automated testing files. The goal of this course is not only to develop your skills in Java, but also to show you some tricks of the trade that software developers in the industry use every day.",Course,2021-08-12 06:56 UTC,N/A,false,N/A,
JavaScript Practice: Object-Oriented Programming,"Unlike class-based programming languages like Java, JavaScript is a prototype-based procedural language. This means it supports functional <em>and</em> object-oriented programming—with less rigid syntax, greater extensibility, and fewer rules. In this hands-on, interactive course, join instructor Emma Bostian to practice performing basic object-oriented programming tasks in JavaScript to boost your technical know-how, prepare for an interview, or land a new role. This course includes Code Challenges powered by CoderPad. Code Challenges are interactive coding exercises with real-time feedback, so you can get hands-on coding practice to advance your coding skills. Emma helps you boost your skills as a JavaScript programmer with five specific, query-focused coding challenges. Practice creating a course roster with functions, a book function with Object.create(), a country with classes, a food ordering class with getters and setters, and a user/admin class with private properties.",Course,2024-04-27 08:15 UTC,N/A,false,N/A,
RubberHose Animation with After Effects,"RubberHose, a rigging script for Adobe After Effects, makes it easy to animate characters that are packed with personality. In this course, instructor Angie Taylor shares what you need to know to get up and running with this powerful software. Angie kicks off the course by explaining how to create a RubberHose arm and style it with shape layer operators. She then moves on to discuss how to create legs with RubberRig and RubberPin, as well as how to construct an easy walk cycle with RubberHose and the Motion Sketch tool in After Effects. She wraps up by detailing how to fine-tune your character animation and place a character into an animated scene.",Course,2020-11-16 13:03 UTC,N/A,false,N/A,
Carter Beauford: Under the Table and Drumming,"Learn drumming from a world-class musician. Carter Beauford, world-famous drummer for the Dave Matthews Band, performs along with the rhythm tracks from six of the band's best songs, including ""Ants Marching"" and ""Satellite."" Carter covers such topics as left-hand lead and open-hand approaches, fills, double-bass drums, drum set and cymbal setup, time feel, background and influences, and more. He also discusses the early days of the Dave Matthews Band. These lessons are valuable for drummers of all levels, as well as any musician who plays or programs drums.<br><br>

This course was created by Alfred Music. We are pleased to offer this training in our library.",Course,2021-04-21 11:51 UTC,N/A,false,N/A,
High-Stakes Communication,"Imagine you’re in a room with a group of stakeholders, each of whom has the power to alter the course of your professional life. If you impress them, they’ll fund your project and champion you as a leader. If you falter, you’ll exit the room with a tarnished reputation. Are you prepared to handle a moment like this, even when it is unexpected? How do you set yourself up for success when so much is on the line? In this course, Jenna Lange shares techniques that can help you manage your message, your mindset, and your stakeholders when the stakes are high. Learn how to build concise, effective messages, manage your body language, avoid common pitfalls, and more. Along the way, Jenna shares case studies and surprising personal experiences that lend a real-world context to each concept.",Course,2022-01-11 10:50 UTC,N/A,false,N/A,
Fotorezepte für Still-Life-Fotografie: Hartes Licht,"Verlassen Sie die Welt des weichen Lichts und integrieren Sie harte Schatten gezielt in Ihre Bildgestaltung. In diesem Fotorezept zeigt Ihnen Produktfotograf Eberhard Schuy, wie Sie mit hartem Licht für eine weitere Dimension in Ihren Bildern sorgen. So wird ein einfacher Papierstapel zum interessanten Fotomotiv, und ein Glas und ein Gitter werfen außergewöhnliche Schatten.",Course,2020-11-16 14:17 UTC,N/A,false,N/A,
Delivering an Authentic Elevator Pitch,"Find out how to craft an authentic personal pitch while projecting competence and warmth—two key factors in making a great first impression. Instructor Tatiana Kolovou shares how building trust with people and making a positive first impression isn’t a matter of magic. Tatiana reveals how verbal and nonverbal behaviors can influence the way people react in an initial meeting, whether in person, over the phone, or online.",Course,2020-11-09 06:49 UTC,N/A,false,N/A,
SharePoint 2016: No-Code Workflows,"This course demonstrates how to use PowerApps and Microsoft Flow to efficiently create mobile apps and custom workflows without needing to write a single line of code. In this course, SharePoint expert Gini Courter explains how to create a custom list in SharePoint 2016, and then how to use PowerApps to build an application. She explains how to fine-tune your app, showing how to modify the layout, format text, brand your app, and add conditional formatting. Then, she switches to Flow to show how to create a custom workflow that responds to the data entered in the app. Plus, Gini shares how to view the results of your workflow by opening your app on a mobile device and entering a record.",Course,2018-01-15 15:09 UTC,2018-01-15 15:04 UTC,true,N/A,
Nano Tips to Speak Up in Meetings with Shadé Zahrai,"Welcome to our <i>Nano Tips</i> series, where LinkedIn Learning creators deliver impactful lessons in literally seconds. In this course, behavioral strategist and peak performance educator for Fortune 500s Shadé Zahrai teaches you quick tips for speaking up in meetings and making your voice heard. Learn how to avoid mistakes that harm your credibility and influence, speak up when you can’t find your turn, contribute value with strategic questions, claim back credit for overlooked suggestions, and more.",Course,2023-10-23 18:51 UTC,N/A,false,N/A,
CSS Essential Training 1 (2017),"CSS is a stylesheet language that allows you to control the appearance of your webpages. In this hands-on course—the first installment in an ongoing series—Christina Truong demonstrates the concepts that form the foundation of CSS, and explains how to use this language to add colors and other design elements to take your webpages beyond just black text on a white background. Christina covers selecting content, how the box model defines the spacing and sizing of page elements, styling text, and managing basic layouts. She also explores the tools needed to work with CSS, how to use selectors to target elements, and guidelines for page layouts with floats. Plus, at the end of the course, you'll walk away with an actual project—an online résumé page.",Course,2018-03-02 07:49 UTC,N/A,false,N/A,
Blender 2.91 Essential Training,"Blender is a powerful open-source solution for 2D and 3D modeling, animation, compositing, and post-production. In this course, get a thorough overview of the feature set in Blender 2.91 and beyond, as well as practical production techniques that combine know-how with a healthy dose of how-to. Instructor David Andrade dives into specific techniques, such as scene layout and modeling, sculpting, texturing and shading, 2D and 3D animation, character rigging, dynamic simulations, rendering, and game engine exporting. Plus, get performance-boosting tricks to get Blender to render your creations even faster. Each lesson helps you gain the control and skill you need to create professional artwork for multiple platforms: games, movies, and animation.",Course,2022-02-17 10:55 UTC,N/A,false,N/A,
Practice Exam 3 for CompTIA A+ (220-1102),"<p>This practice exam is intended to help you prepare for the <b>CompTIA A+ (220-1102)</b> certification exam. After you launch the practice exam, there are three practice modes available; timed, untimed, or custom. Each mode allows unlimited attempts, explanations for correct and incorrect answers, and detailed exam results. The number and types of questions on the practice exam and the duration of the timed practice exam is intended to be representative of the certification exam.</p><p><b>Want more practice?</b> Additional practice exams for this certification are available and each has a unique question set for continued preparation.</p>
<ul>
<li><a href=""https://www.linkedin.com/learning/practice-exam-1-for-comptia-a-plus-220-1102"" target=""_blank"">Practice Exam 1 for CompTIA A+ (220-1102)</a></li>
<li><a href=""https://www.linkedin.com/learning/practice-exam-2-for-comptia-a-plus-220-1102"" target=""_blank"">Practice Exam 2 for CompTIA A+ (220-1102)</a></li>
<li><a href=""https://www.linkedin.com/learning/practice-exam-4-for-comptia-a-plus-220-1102/"" target=""_blank"">Practice Exam 4 for CompTIA A+ (220-1102)</a></li>
</ul>
<p><b>About the certification</b>: To learn more about this certification, visit <a href=""https://www.comptia.org/certifications/a#examdetails""><b>CompTIA</b></a>.</p><i>The practice exam questions provided are representative of the certification exam, but not the actual questions you will see on the certification exam. Practice exams are for self-assessment. Passing this practice exam does not guarantee that you will pass the actual certification exam.</i></p>",Course,2024-04-05 19:31 UTC,N/A,false,N/A,
Office 365: Troubleshoot Availability and Usage (Office 365/Microsoft 365),"If you're preparing for exam 70-346, Managing Office 365 Identities and Requirements, or you just want to improve your Office 365 administration skills, then this course is for you. Instructor Brian Culp looks at three objectives in the Monitor and Troubleshoot Office 365 Availability and Usage section of the exam—analyzing reports, monitoring service health, and isolating service interruptions. By the end of this course, you'll be better prepared to tackle this section of the exam, and will have a better understanding of the troubleshooting and reporting tools available to Office 365 admins.",Course,N/A,N/A,true,N/A,
SharePoint Framework for Developers: 2 Authoring and Debugging Solutions,"SharePoint Framework (SPFx) allows developers to extend SharePoint Online and SharePoint on premises, via web parts or extensions. This course shows you how to write those web parts and extensions using SPFx. It also demonstrates how to create application and field customizers and list view command sets. Instructor Sahil Malik shows how to write client-side web parts and extensions, and how to debug your SPFx projects. Plus, learn how to leverage third-party and Office 365 content delivery networks (CDNs) for SPFx deployment.",Course,2024-04-18 07:11 UTC,2018-05-29 12:17 UTC,true,N/A,
SQL Server Machine Learning Services: Python,"Learn how to analyze SQL Server data with Python. Database expert Adam Wilbert shows how to use a powerful combination of tools, including high-performance Python libraries and the Machine Learning Services add-on, directly inside SQL Server to streamline analysis. Adam shows how to use Python scripts to perform statistical analysis, generate graphics such as scatterplots and bar charts, and process tabular data. He also explains how to turn a Python script into a stored procedure and set up standalone ML services to execute scripts without impacting SQL Server performance.",Course,2021-05-14 06:36 UTC,N/A,false,N/A,
Office 365: Manage Cloud Identities (Office 365/Microsoft 365),"Learn how to manage users, groups, and passwords in Office 365. This course fits into our extensive coverage of Office 365 administration and covers the objectives from the corresponding domain of the Office 365 exam 70-346, Managing Office 365 Identities and Requirements. Brian Culp shows how to configure password management, manage users and security groups, and use PowerShell to manage identities from the command line. This course is ideal for any network administrator working with Office 365 and will serve as a valuable prep course for administrators wishing to learn the skills necessary to prepare for the exam.",Course,N/A,N/A,true,N/A,
Elasticsearch Essential Training (2017),"<p>Elasticsearch has been widely adopted in search engine platforms for modern web and mobile applications. Combined with the power of Kibana—which can help to provide analytical solutions on top of your Elasticsearch cluster—this powerful platform adds the capability to answer complex business questions about your data and your customers, as well as serve up relevant results in your applications. Beyond just search, the Elastic Stack provides companies with complex analytics and advanced features like machine learning. Companies large and small use Elasticsearch to identify potential fraud, machines that aren't operating properly, and what users are doing in their apps.</p><p>In this course, join Ben Sullins as he dives into the inner workings of Elasticsearch combined with Kibana. Ben provides an overview of the architecture, and then goes over the different deployment methods, and how to best structure your data. From there, he demonstrates how to query data, and how to work with Kibana to present your insights.</p>",Course,2018-09-19 11:01 UTC,N/A,false,N/A,
Writing a Tech Resume,"When you apply for technology jobs, your resume is your opportunity to stand out from the crowd. Emma Bostian shows you how to showcase your technology skills, framing them to impress recruiters and potential employers. Discover how to tailor the content and length to catch a hiring manager’s eye. Learn how to leverage minor design details like spacing, font choice, and color palette to differentiate your resume from the rest, without stepping too far out. Plus, learn how to create a professional online presence on the platforms tech recruiters use most: LinkedIn and GitHub.",Course,2021-02-26 12:42 UTC,N/A,false,N/A,
Figure Drawing: Tonal Rendering,"How can you make a good figure drawing into a great figure drawing? Give it drama with tonal rendering. This course—taught on the iPad Pro—provides you with step-by-step demonstrations that can help you enhance the dimensionality and drama of your figure drawings using tonal rendering techniques. Instructor Amy Wynne starts by demonstrating how to create a five-part tonal gradient, and then shows how to apply this to simple 3D geometric shapes such as an egg, a cylinder, and a block; these shapes serve as the building blocks for constructing your figures. Amy also shows how to build the figure from the inside out—from structure to tonality—and apply silhouette and camouflage using inspiring master drawings as examples. Upon completing this course, you'll be equipped with a few simple techniques that can help you add beautiful lights and shadows to your figure sketches.",Course,2020-10-08 12:35 UTC,N/A,false,N/A,
Building Modern Projects with React (2020),"Learn about some of the most important tools in the React ecosystem that help you simplify development and manage the complexities of state, side effects, structure, and styling. Instructor Shaun Wassell shows how to create a basic React project, and then explains how to add Redux, create thunks, use selectors, work with styled-components, perform testing, and more.",Course,2021-05-23 16:20 UTC,N/A,false,N/A,
Office 365: Manage Identities Using Azure AD Connect (Office 365/Microsoft 365),"Network and system admins can prepare on-premises directories and connect to Azure to take advantage of managing Office 365 groups and users using common identities. Preparation, setup, and administration steps are demonstrated in this course using the Azure Active Directory (AAD) Connect tool. This course is designed to provide you with a better understanding of domain controllers, identity management, synchronization, and more. This course is also an exam preparation resource with topics that map to a corresponding domain in the Office 365 70-346 exam: Managing Office 365 Identities and Requirements.",Course,N/A,N/A,true,N/A,
CONTENT METADATA NO LONGER EXISTS - urn:li:lyndaCourse:651207,CONTENT METADATA NO LONGER EXISTS - urn:li:lyndaCourse:651207,Course,2018-01-24 09:50 UTC,N/A,false,N/A,
Project Management Foundations: Requirements,"<p>Project requirements are how project managers determine what the business needs and align the project’s goals. Requirements also form the basis for defining a project’s scope, assigning resources, and performing acceptance testing. In this course, Daniel Stanton, PMP, introduces an easy 10-step process to manage the requirements for any project. Find out how to determine applicable standards, identify your stakeholders, gather and analyze requirements, prioritize them, and document your findings. Daniel also explains how to solicit approval for project requirements and manage ongoing change requests. </p><p>This course is part of this <a href=""https://www.linkedin.com/learning/paths/career-essentials-in-business-analysis-by-microsoft-and-linkedin"">Professional Certificate</a> and this <a href=""https://www.linkedin.com/learning/paths/career-essentials-in-project-management-by-microsoft-and-linkedin"" target=""_blank"">Professional Certificate</a> from Microsoft.</p>",Course,2020-10-26 15:19 UTC,N/A,false,N/A,
